<?xml version="1.0" encoding="UTF-8"?>
<beans xmlns = "http://www.springframework.org/schema/beans"
   xmlns:xsi = "http://www.w3.org/2001/XMLSchema-instance"
   xsi:schemaLocation = "http://www.springframework.org/schema/beans
   http://www.springframework.org/schema/beans/spring-beans-3.0.xsd">
   
   <bean id="s1"  class="mavendemo.maven.student">
   <constructor-arg value="5" type="int"></constructor-arg>
   <constructor-arg value="Tejas" type="String"></constructor-arg>
   </bean>
   
   
   <bean id="b1"  class="mavendemo.maven.books">
   <constructor-arg name="id" value="5" type="int"></constructor-arg>
   <constructor-arg name="publisher" value="Tejas" type="String"></constructor-arg>
   <constructor-arg name="price" value="100" type="String"></constructor-arg>
   </bean>
   
   </beans>